CustomerID,CustomerName,CustomerEmail
1,Suzanne Costa,robertbradley@gmail.com
2,Todd Velasquez,jeansmith@howard-gregory.com
3,Dana Gonzalez,abeck@yahoo.com
4,Katherine Mcdaniel,holmesryan@hotmail.com
5,Elizabeth Copeland,marcus28@hotmail.com
6,Jacob Perez,gholt@rodriguez-wilson.com
7,Regina Burke,teresaday@hotmail.com
8,Tracy Allison,jessica92@hotmail.com
9,Jennifer Morales,lisa04@robinson-benton.org
10,Jessica Peters,nataliemeyer@may-thompson.com
11,Lisa Jackson,victoria11@hotmail.com
12,Lisa Huber,bgrant@campbell-harris.com
13,Susan Allen,noah39@gmail.com
14,Eric Walters,jonathangraham@yahoo.com
15,Bobby David,yserrano@gmail.com
16,Emily Camacho,heather16@hotmail.com
17,Debbie Lopez,carlstanley@mercado.net
18,Logan Williams,joseph03@gmail.com
19,Crystal Wright,wellslori@smith.com
20,Hannah Mullins,christine20@hotmail.com
21,Timothy Smith,gpatel@leonard.com
22,Gabriela Wilson,landryjamie@huynh.com
23,Daniel Lucas,aliciagarcia@yahoo.com
24,Dustin Williams,kwright@yahoo.com
25,Samantha Stevens,lori46@davis.biz
26,Timothy Mcknight,lindseymiller@gmail.com
27,Jennifer Dawson,ann38@gmail.com
28,Lisa Harris,rwalters@hotmail.com
29,James Snyder,acruz@rice.com
30,Jacob Robles,kromero@hill.com
31,Diana Lloyd,michaelhill@yahoo.com
32,Tracy Moran,robinsonsherri@yahoo.com
33,Patricia Vargas,bradley05@perez-flores.com
34,Chase Hall,martinguerra@herman-wilson.biz
35,Jeremiah Potter,bellandre@hotmail.com
36,Rachel Martinez,reginadonaldson@hotmail.com
37,Nicole Chen,fjones@parker.com
38,Nicholas White,jonesgregory@yahoo.com
39,Emily Williams,fgriffin@hotmail.com
40,Edward Franklin,kwarren@mcbride.info
41,Rhonda Hart,kyle34@yahoo.com
42,Kim Harmon,umorgan@livingston.biz
43,Nicole Williams,jeffreymckee@parker-tucker.com
44,Joe Rogers,taylormoore@hotmail.com
45,Kyle Patton,nichole64@cooper.com
46,Monica Brooks,anne35@herrera.info
47,Douglas Russell,alisonbradley@johnson.biz
48,Kathleen Mejia,rangelmeghan@yahoo.com
49,Adam Joyce,eday@christensen.com
50,Lisa Russell,wwest@gmail.com
51,Stacey Martin,qduncan@gmail.com
52,Luis Gutierrez,philliphanna@morrow.net
53,Melinda Wilson,jonathancooper@yahoo.com
54,Garrett Hunter,daniel78@murphy.com
55,Mark Lynch,donaldjohnson@hotmail.com
56,Leslie Thomas,martinezdawn@gutierrez.com
57,Justin Smith,antonio25@yahoo.com
58,William Manning,reeveslisa@perez.com
59,Steven Vazquez,yreeves@gmail.com
60,Nicole Jordan,bakerjesse@moore.com
61,Benjamin Perry,william56@harris-smith.org
62,Jessica Sullivan,jbruce@gmail.com
63,Karen Flores,cortezdaniel@jennings.com
64,Angelica Smith,deannaluna@yahoo.com
65,Laura Anderson,portergary@gmail.com
66,Dennis Arellano,dawnflores@gmail.com
67,Ashley Johnson,richard02@yahoo.com
68,Lisa Gonzalez,michael52@gmail.com
69,Jeff Randall,colinreynolds@gmail.com
70,Tina Harris,lorireilly@hotmail.com
71,James Lopez,ryan38@yahoo.com
72,Veronica Schultz,nicholsonlisa@yahoo.com
73,Victoria Ellis,jessicahuerta@hotmail.com
74,Alex Carpenter,boydrobert@vance.net
75,John Rogers,nhoffman@jones-ross.biz
76,Anita Pearson,trevor69@yahoo.com
77,Natasha Foster,armstrongheather@hancock.info
78,Robert Hutchinson,jennifer58@hotmail.com
79,Johnny Barrera,jessica49@gomez.biz
80,Hannah Green,christopher84@gmail.com
81,Jonathan Schmidt,uhurley@levy-pacheco.com
82,Brianna Delacruz,terrydevon@yahoo.com
83,Mr. David Buckley,ksanchez@yahoo.com
84,David Chen,kevin84@fox.com
85,Caleb Wilson,davidking@stone-king.com
86,Raymond Holden,melanie51@yahoo.com
87,Joseph Douglas,nwilliams@king.com
88,Lisa Graves,wwilliams@yahoo.com
89,William Miller,fmedina@gibson.com
90,Jesus Stein,perezgregory@hotmail.com
91,Audrey Martinez,teresa50@gmail.com
92,George Bell,joseph72@bauer-peterson.org
93,Hayley Wilson,qponce@yahoo.com
94,Suzanne Aguirre,wparker@potter.com
95,Laura Mcgee,ataylor@williams-ashley.com
96,Sarah Garcia,jenniferhoward@hoffman.info
97,Douglas Moss,osbornecharles@robertson.com
98,Steven Garcia,bmaynard@barton.biz
99,Lawrence Carter,griffinsierra@harris.net
100,David Lewis,marilyn20@gmail.com
101,Sheila Reid,hartanthony@yahoo.com
102,Ian Thompson,paigefoster@lynch.com
103,Kristi Norris,marydelgado@rivera-ramirez.com
104,Thomas Mueller,williamsbrenda@robertson-lozano.info
105,Brian Perez,adrian94@thompson.com
106,Justin Chung,wcooper@yahoo.com
107,George Cantu,todddunn@gmail.com
108,Beth Hodge,uevans@johnson-perez.net
109,Andrea Stevens,harrisfrancisco@gmail.com
110,Shane Brown,crocha@gmail.com
111,Justin Freeman DVM,mlambert@richardson.com
112,Steven Benjamin,julie89@gmail.com
113,Kenneth Garcia Jr.,robertdavis@young.com
114,Karen Campbell,karen56@king-gill.com
115,Karen Flynn,lisastevenson@gibson.com
116,George Moore,dkaufman@richards.net
117,Rachel Haas,jonathon44@lewis-solomon.com
118,Megan Suarez,hernandezmonica@gmail.com
119,Michelle Johnson,zjohnson@gmail.com
120,Charles Wilson,tschmidt@dunlap.com
121,Jerry Zamora,lisadillon@gmail.com
122,Angela Alexander DVM,micheal48@gmail.com
123,Breanna Smith,kpierce@gmail.com
124,Robert Bowers,christianrussell@hotmail.com
125,Catherine Rivera,mark63@montgomery.info
126,Kara Griffin,thomaskim@smith.org
127,Michelle Giles,sabrinaduke@moss.com
128,Amy Rosales,qstone@hotmail.com
129,Kristi Taylor,rzimmerman@ellis.com
130,Amy Velez,gmoon@richard.info
131,Scott Hurley,gonzalesanthony@montgomery-barton.com
132,Lori Gonzalez,ethomas@gmail.com
133,Mary Harrington,ksanders@hotmail.com
134,Jeffery Williams,timnielsen@sullivan-peters.com
135,Kimberly Adkins,thomas37@perkins-martinez.com
136,Gary Travis,psmith@gmail.com
137,Ashley Rosales,smithjake@booker.com
138,Vanessa Colon,melindagardner@gmail.com
139,Christian Simon,jessicalawson@gmail.com
140,Leah Quinn,thomasjames@yahoo.com
141,Paul Matthews,georgejohnson@yahoo.com
142,John Cox,robinsonkelly@dudley-robinson.com
143,Carla Atkinson,holteric@williams-lopez.com
144,Richard Donaldson,kpierce@hotmail.com
145,James Ross,lewiskristina@hotmail.com
146,Elizabeth Mason,dreed@bryan-jackson.com
147,Julian Wilcox,andrewsjillian@young.com
148,Jason Reed,tristanhaney@yahoo.com
149,Joseph Johnson,jacksonannette@yahoo.com
150,Ralph Larsen,robertsandrew@singh-miller.com
151,David Hill,vmercado@parker.com
152,Nichole Freeman,timothymartin@edwards.com
153,Roberta Cherry,tmorales@johnson.com
154,Robert Martin,loripalmer@hotmail.com
155,Brittany Lane,yrobles@yahoo.com
156,Tracy Tran,katrinamiller@yahoo.com
157,Richard Mcintosh,owest@gmail.com
158,Kim Green,allenmegan@gmail.com
159,Adam Woods,bpittman@smith.com
160,Marie Coleman,kelli72@gmail.com
161,Justin Spencer MD,michaelrobinson@hotmail.com
162,Jamie Mccarthy,lali@hotmail.com
163,Kristina Bell,osherman@sullivan.com
164,Joseph Andrews,jennifer97@gordon-buck.com
165,Mary Nelson,greenlouis@anderson-bradford.com
166,Ashley Waters,kellerpatrick@gmail.com
167,Natalie Abbott,mfields@hotmail.com
168,Janet Garcia,ydixon@gmail.com
169,Scott Olsen,yruiz@gmail.com
170,Madison Vasquez,natasha76@evans.net
171,Kelli Grant,andrea72@yahoo.com
172,Nicholas Farrell,rebeccacollins@yahoo.com
173,Elizabeth Jones,charris@fernandez-hall.net
174,Troy Dougherty,gabrielafernandez@ryan.com
175,Cole Taylor,bethperez@yahoo.com
176,Jasmin Woods,kellyrichard@yahoo.com
177,John Jackson,oliverrebecca@hotmail.com
178,Roberto Gordon,maryturner@johnson.com
179,Lindsey Jordan,istevens@martin.com
180,Olivia Simpson,qcollier@myers.org
181,Rhonda Mcfarland,travisjeffrey@yahoo.com
182,Jeffrey Snyder,gedwards@hotmail.com
183,Sheryl Noble,markmoody@wright-gardner.info
184,Brian Hubbard,eugeneguzman@kelly.info
185,Brendan Beard,khood@yahoo.com
186,John Martin,veronica39@nguyen-walker.com
187,Brandon Lopez,amanda76@sampson.com
188,Sarah Garrett,pateljames@harper.com
189,Shirley Johnson,smithcrystal@adams-greer.com
190,Nathan Jordan,normanbecky@gmail.com
191,Gregory Abbott,ptownsend@glass.com
192,Carol Price,burtonjohn@burns.net
193,Kristopher Davis,braunbeth@hess.com
194,Jessica Harris,john30@yahoo.com
195,Lori Haas,ialvarado@hotmail.com
196,Ms. Rebecca Munoz,latoyawelch@hotmail.com
197,Austin Key,leah59@hotmail.com
198,Jacob Perry,leslie91@johnson-wolfe.com
199,Joshua Burton,coxshawn@hernandez.com
200,Stephanie Davila,pjimenez@smith-jennings.com
201,Rebecca Coleman,ymaldonado@gmail.com
202,Heather Morgan,johngarcia@kim.com
203,Melinda Payne,hamiltonjulie@rose-cooper.net
204,Shari Brown,scottjennifer@ramirez.com
205,Sharon King,john56@yahoo.com
206,Christina Reese,katelyn82@yahoo.com
207,Jeremy Greer,mark56@cantrell-baxter.com
208,Laurie Ramirez,ythomas@hurst-mclean.com
209,Sarah Shaw,ebeltran@hotmail.com
210,Ricky Scott,suttonlisa@yahoo.com
211,Keith Burch,stephanietanner@ruiz.net
212,Jesus Sosa,varcher@hernandez.com
213,Tiffany Roberts,samuelcooper@shields.org
214,Anthony Hines,youngdanielle@watson.com
215,James Schmidt,zreed@yahoo.com
216,Caroline Martinez,beckpaul@arnold.com
217,Jessica Johnson,wroy@spears.com
218,Willie Andrews,hpayne@calderon.com
219,Andres Grant,kmorris@hess.com
220,Joshua Lin,deborah32@hotmail.com
221,Kimberly Hartman,jessefloyd@hotmail.com
222,Sarah Stone,sheilaguzman@branch-turner.com
223,James Smith,charleslee@reed.net
224,Robert Lewis,underwoodjulie@hotmail.com
225,Brian Woodard,joshuahiggins@yahoo.com
226,Jonathan Holt,lflynn@pineda-gonzalez.org
227,Margaret Henderson,brenda15@vega.net
228,April Robinson,osbornsharon@lester-delacruz.com
229,Alexis Francis,hdunn@martinez.org
230,Jennifer Buckley,kburke@williams-diaz.com
231,Joseph Davis,cassandrawalsh@hotmail.com
232,Daniel Allen,james77@clark.biz
233,Andrea Howard DDS,zcollins@gmail.com
234,Gary Fletcher,grahamkara@white.org
235,Suzanne Reed,tonyford@torres-baker.biz
236,Becky Henderson,kimbradford@thomas.biz
237,Jeffrey Parker,jeremy93@becker.biz
238,Christian Clark,salassarah@brown-fox.biz
239,Daniel Jackson,ambervasquez@taylor-russell.biz
240,Mike Savage,smithkaren@yahoo.com
241,Allison Brown,alyssa73@gomez.org
242,Nicholas Martinez,dawsongregory@gmail.com
243,John Gross,millerkendra@hotmail.com
244,Megan Terry,hardingdavid@hotmail.com
245,Mr. Manuel Lawrence MD,webbjonathan@gmail.com
246,Tina Mcbride,kenneth86@meyer-sims.com
247,Michelle Reyes,holderdarren@nolan.com
248,Lisa Benson,pwebb@yahoo.com
249,Jacob Wyatt,dorseytaylor@gmail.com
250,Travis Patel,sheri93@gmail.com
251,Angela Cross,bowmankathleen@mcclure.biz
252,Stephanie Hartman,nelsonkevin@curry-pitts.com
253,Kelly Randolph,tonyspence@taylor.biz
254,Joseph Khan,robinsonjason@yahoo.com
255,Rachel Smith DVM,briannawallace@smith-cannon.info
256,Julie Donaldson,baxtersteven@yahoo.com
257,Jessica Bennett,joshua19@hotmail.com
258,Katrina Williams,mgreen@gmail.com
259,William Thomas,lukelee@hotmail.com
260,Dylan Miranda,perkinsshannon@ellis.com
261,Jacqueline Johnson,wrightzachary@weaver.com
262,Dalton Adams,tara99@gibson.net
263,Reginald Palmer,youngbrian@yahoo.com
264,Jenny Snow,marissapugh@hotmail.com
265,Sarah Maldonado,abigailerickson@yahoo.com
266,Meghan Cooke,mark52@martin-barron.com
267,Kathleen Kirby,umurillo@gmail.com
268,Sarah Johnston,samuel95@garcia.net
269,James Johnson,valdezkelly@gmail.com
270,Nicole Medina,matthewramos@woods.com
271,Michael Calderon,bgutierrez@gmail.com
272,Sean Middleton,lvelasquez@yahoo.com
273,Mr. Luis Fuller DVM,browndouglas@gordon.com
274,Zachary Perez,troy90@gmail.com
275,Sean Terrell,ptaylor@johnson-jones.com
276,Molly Robinson,katrina16@hayden.org
277,Ryan Walters,kristen45@hotmail.com
278,Brooke Mcdaniel,xmiddleton@yahoo.com
279,Nancy Diaz,qcook@gmail.com
280,Melissa Mcintosh,mallorystevens@hotmail.com
281,Lori Dennis,amyrivera@richards-diaz.net
282,Robert Campbell,robertroberts@gmail.com
283,Karen Turner,leonjeffrey@hotmail.com
284,Jason Mcclure,jamesgill@rodriguez.com
285,Erin Cameron,hilljoseph@hotmail.com
286,Elizabeth Rojas,xnelson@gmail.com
287,Erin Larson,michaelfernandez@smith-acosta.info
288,Frank Charles,morganjessica@hotmail.com
289,George Martin,xhernandez@hansen.com
290,Maria George,kjackson@hotmail.com
291,Ashley Everett,tsanchez@hotmail.com
292,Ruth Parrish,crice@hotmail.com
293,Catherine Meyers,brenda44@simon.org
294,Karen Pham,langbruce@shannon-hayes.com
295,Joseph Mcguire,robert28@reyes.com
296,Timothy Owens,tonya51@hotmail.com
297,Taylor King,uhenderson@hotmail.com
298,Jason Johnson,icasey@schneider-taylor.biz
299,Ricky Bradshaw,ashleyrobinson@gmail.com
300,Ashley Foster,matthew64@cruz.com
301,Alison Moore,nicholas63@hotmail.com
302,Patricia Wolf,ianderson@wallace.org
303,Susan Clark MD,qwalker@yahoo.com
304,John Cook,robinsonjennifer@guerrero.com
305,Marvin Reynolds,andreacampbell@yahoo.com
306,Valerie Bowman,zacharyflores@yahoo.com
307,Elizabeth Henderson,michael18@hotmail.com
308,Barbara Johnson,margaretdennis@yahoo.com
309,Paul Stanley,hwilkerson@gmail.com
310,Raymond Fisher,cgarcia@gmail.com
311,Michele Taylor,hunterkimberly@strickland-francis.com
312,Erica Church,jsmith@dixon.biz
313,David Ramirez,tracey34@yahoo.com
314,Steven Knight,kcameron@gmail.com
315,Joshua Anderson,kendramclaughlin@gmail.com
316,Laura Trevino,rharding@peterson-buchanan.info
317,Mary Wilson,james86@hays-simpson.com
318,Matthew Rodriguez,jennifer42@benson.biz
319,Veronica Hudson,jason47@morgan.com
320,Gerald Davis,kobrien@wolfe-gentry.com
321,Mary Harrison,susan94@gmail.com
322,Mr. Raymond Warner,oconnormelinda@leonard-alvarado.com
323,Amber Brown,serranostanley@hotmail.com
324,Judith Davis,christopher90@yahoo.com
325,Valerie Whitaker,jonesadam@fox.biz
326,Mr. Andrew Hurst Jr.,jaredlawrence@hotmail.com
327,Frank Clark,mary34@ortiz.com
328,Nathan Singleton,robertogeorge@mckinney.com
329,Amy Peters,kathrynstevens@blake-ward.biz
330,Billy Ramirez,daniel97@yahoo.com
331,Margaret Hood,oortiz@yahoo.com
332,Jeremiah Schmidt,tiffany99@yahoo.com
333,Samantha English,deborah69@yahoo.com
334,Gabriella Wilson,jeffery25@holmes-odonnell.com
335,Kaitlyn Lopez,keithhamilton@yahoo.com
336,Diane Perez,karen47@cortez.com
337,Angela Dean,wandalawrence@williams.com
338,Randy Randall,kellybarbara@hotmail.com
339,Joshua Blake,stephenrodriguez@gmail.com
340,Reginald Young,danielle42@gmail.com
341,Andrew Mendoza,cody84@hotmail.com
342,Garrett Brown,acortez@collins.com
343,Victoria Lewis,robertperez@zimmerman-munoz.com
344,Cynthia Thomas,hicksjessica@gmail.com
345,Rebecca Neal,jennifer76@stephens.com
346,Rachel Chase,kimberlymartinez@gmail.com
347,Corey Reed,jasonfrank@strong.biz
348,Jessica Wolfe,briannawatson@yahoo.com
349,Mackenzie Watson,thomasbennett@gonzales.com
350,Megan Reid,francesvillanueva@frazier.info
351,Andre Harris,timothybrown@chan.biz
352,Valerie Hawkins,adamsdawn@hotmail.com
353,Evan Stuart,matthewholder@hotmail.com
354,Robert Roth,rweeks@marquez.com
355,Luis King,kimprice@wells.com
356,Traci Ward,vlopez@buchanan.org
357,Carol Smith,johnsmith@hotmail.com
358,Joseph Bradford,gregorysteele@ramos.net
359,Danny Harmon,stephanie91@hotmail.com
360,Michaela Young,xbradley@yahoo.com
361,Jody Davis,susan61@gmail.com
362,Mr. James Morales,andrea53@jensen-sweeney.com
363,Craig Jackson,jill64@lewis.com
364,Michael Morrison,victoria28@yahoo.com
365,Gerald Johnson,amandaguerra@yahoo.com
366,Dr. Whitney Simmons,christophertran@luna-wilson.com
367,Denise Mcdonald,amandavasquez@davidson.org
368,Robert Mayer,ggray@yahoo.com
369,Kayla Clayton,rebecca44@stewart-rivera.org
370,Connor Craig,lhall@gmail.com
371,Stephanie Brewer,bryanterika@yahoo.com
372,Holly Hernandez,rsantiago@tucker.com
373,Christopher Walker,asolis@hotmail.com
374,Joshua Bowman,johnsonrachel@hotmail.com
375,Abigail Gordon,kyle56@gmail.com
376,Holly Giles,billy66@stevens.biz
377,Alex Ross,michellethomas@hill.net
378,Ryan Dyer Jr.,jlevine@gilmore.com
379,Judy English,sharonstephens@hotmail.com
380,Shawn Moore,tina53@foster.com
381,Karen Jenkins,sara00@dunn.com
382,Michael Poole,jonathannewman@stevens.com
383,Christopher Miller,david25@yahoo.com
384,Tammy Harrison,mackenziebuck@yahoo.com
385,Michelle Jackson,rebecca91@gmail.com
386,Latoya Rhodes,dylan76@gmail.com
387,Daniel Houston,mwoods@king.biz
388,Paula Henderson,mhill@hotmail.com
389,Antonio Silva,pottercorey@hotmail.com
390,Sara Davis,imacdonald@smith.org
391,Jennifer Baker,pshepherd@dorsey.info
392,Christina Freeman,fmitchell@roman-morales.com
393,Tanya Moody,urandolph@yahoo.com
394,James Davis,rhodesgarrett@hotmail.com
395,Kelly Hansen,leekayla@hansen-mendez.info
396,Natalie West PhD,jsmith@cox.com
397,Eduardo Walker,larry29@mitchell.com
398,Suzanne Warner,jacksonmark@gmail.com
399,Justin Murray,reginaldherrera@yahoo.com
400,Jordan Anderson,michaelbecker@schultz-collins.com
401,Dave Mitchell,jamesduffy@bell.info
402,John Robinson,nortiz@curry-wilson.info
403,Alex Mcdonald,villakathryn@hotmail.com
404,David Smith,wolfejonathan@hotmail.com
405,Jacqueline Williams,xhogan@hotmail.com
406,Jeremy Shannon,vickioconnor@sanchez-evans.com
407,Andrea Goodwin,irocha@jordan.com
408,Tonya Jimenez,jodiburns@holder-anderson.info
409,Jackie Wood,xsharp@flores-ferguson.biz
410,David Vazquez,samantha82@harris.com
411,Brent Vincent,nroman@hotmail.com
412,Donald Calderon,rubenberry@ferguson.com
413,Shane Lee,gcox@gmail.com
414,Sarah Griffin,dawsonsteven@fleming-meza.biz
415,Kyle Frederick,penaamy@roberts-jones.com
416,Dylan Floyd,obrown@gmail.com
417,Mrs. Teresa Bell,ywilliams@carter.com
418,Christopher Martin,stevensamy@hotmail.com
419,Richard Owens,wardrick@yahoo.com
420,David Hamilton,steven82@yahoo.com
421,David Mendoza,lee95@keith.org
422,Aaron Wallace,christine86@hotmail.com
423,Laura Fisher,cbarnes@yahoo.com
424,Christopher Torres,john31@hotmail.com
425,Jeffrey Davis,harrisjoshua@carson.com
426,Angela Miller,erin78@gmail.com
427,Tiffany Ruiz,kristen32@yahoo.com
428,Meghan Walters,sharon79@hotmail.com
429,Scott Quinn,robertjones@rowe-sanchez.com
430,Justin Kemp,cooperpatricia@yahoo.com
431,Laura Morris,francomisty@allen.com
432,Christopher Thomas,stephenelliott@santana.com
433,Michael Obrien,garciasara@hotmail.com
434,Cody Schwartz,lgrant@flores-yoder.com
435,Katherine Myers,rebeccasmith@yahoo.com
436,David Richardson,mbarry@miller-pearson.com
437,Jamie Chavez,anthony02@soto-mitchell.com
438,Samuel Ramirez,derek10@smith.com
439,Michael Brooks,gnichols@hotmail.com
440,Elizabeth Kelley,jaredbeasley@gmail.com
441,Christopher Wilson,david52@gmail.com
442,Jason Padilla,christopherdiaz@monroe.com
443,Nicole Lloyd,kevin45@hotmail.com
444,Wendy Riley,amandahurst@smith.com
445,Brian Carter,tcopeland@thompson.org
446,Geoffrey Owens,melissacarlson@duffy.com
447,Sara Hall,kristenlopez@evans-schmitt.biz
448,Christopher Love,gdeleon@hill.info
449,Dana Oconnor,kingstephanie@leonard.com
450,Steven Hill,cathy87@hotmail.com
451,Timothy Shields,gwagner@yahoo.com
452,Brittany Harper,ijordan@taylor-carpenter.biz
453,Roy Smith,jessica37@gmail.com
454,Cheryl Williams,christopher25@newton.org
455,Brandon Powell,jmorris@hotmail.com
456,Courtney Pineda,christophertodd@grant-vincent.biz
457,Terry Harris,rojasjavier@barry.com
458,Douglas Ramirez,vcoleman@hotmail.com
459,Leslie Stewart,katelyn03@gmail.com
460,Stephen Baker,gjimenez@soto.info
461,Jennifer Nicholson,sharon52@hotmail.com
462,Timothy Brown,wardtanya@gmail.com
463,Stephen Myers,stephaniebecker@baker.com
464,John Buchanan,mckenziehannah@grant-owens.com
465,Danielle Ward,jamesriley@gmail.com
466,Justin Perez,bproctor@yahoo.com
467,Lori Brown,ashleymartinez@gmail.com
468,Christopher Braun,troyroth@gmail.com
469,Christine Casey MD,judymoran@rodriguez.com
470,Kenneth Jackson,marklee@gmail.com
471,Martha Cunningham,megan88@gmail.com
472,Jason Mclaughlin,tcruz@hotmail.com
473,Steven Armstrong,sherry96@soto.org
474,Devin Bates,akelley@washington-freeman.net
475,Alexandria Bailey,hmeyer@harris.com
476,Marcus Mitchell,eoliver@hotmail.com
477,Nicole Hernandez,garciaedward@hotmail.com
478,Robin Woodard,tfisher@yahoo.com
479,Scott Grant,carterkaren@hotmail.com
480,Amber Davis,brandisanchez@hotmail.com
481,Anthony White,aaron50@powell.com
482,Matthew Castillo,randy36@gmail.com
483,Andrew Roberts,patricia53@hotmail.com
484,Janice Sosa,william43@yahoo.com
485,John Calderon,albertcisneros@yahoo.com
486,Ricky Allen,yadams@hotmail.com
487,Adam Peters,david22@vazquez.net
488,Ms. Taylor Osborne,kwatkins@gmail.com
489,Linda Reyes,katherinebates@hotmail.com
490,Christopher Smith,millerdavid@smith.com
491,Lisa Jackson,harrisjoseph@bishop.com
492,Roger Johns,tonyahanson@crawford.com
493,Jamie Brown,anthony85@hall-ryan.org
494,Jill Wood,duncanmonica@robinson.net
495,Mark Boyd,taylorjames@yahoo.com
496,Mario Nelson,dale17@berry-ortiz.com
497,Anthony Green,floreskathryn@frey-mahoney.com
498,Stephen Mckee,braunryan@thomas-wiggins.org
499,Monica Jones,lisamckinney@yahoo.com
500,Robert Hill,derek79@long-griffith.biz
501,Diana York,davismonica@tanner-jacobson.com
502,Patricia Tran,jacobprice@yahoo.com
503,Christopher Oliver,daniel24@gmail.com
504,Donna Ford,terry77@hotmail.com
505,Victoria Burgess,pmatthews@yahoo.com
506,William Moore,tsnow@king-wilson.biz
507,Timothy Soto,travis20@yahoo.com
508,Jonathan Jenkins,mckeekellie@robinson-moore.com
509,Kevin Reed,andreatrujillo@wiggins-thomas.com
510,Emily Clements,soniaberry@gentry.com
511,Dwayne Lewis,jonesryan@maldonado.info
512,David Porter,rogergomez@shepherd.com
513,John Campbell,georgeelizabeth@smith.com
514,Lisa Adams,griffithlaura@yahoo.com
515,Christopher Lewis,cardenasamanda@deleon.info
516,Angela Williams,robinsondavid@yahoo.com
517,Thomas Rhodes,meghan40@boyd.com
518,Paul Roth,williamslawrence@hotmail.com
519,Lauren Rich,annagreen@hotmail.com
520,Kathy Duffy,donna61@miller-white.com
521,Daniel Marks,cwilliams@gmail.com
522,Melissa Parker,alvarezstephanie@yahoo.com
523,Ruth Smith,druiz@gmail.com
524,Bruce Shaw,royjulia@hawkins.com
525,Kathy Webb,cboone@mcbride.com
526,Aaron Merritt,floresangela@snyder-oneill.biz
527,Willie Carter,johnsonnicole@perez-warren.org
528,Crystal Ballard,ambermiller@potter-elliott.org
529,Susan Mcgee,vroberts@gmail.com
530,Peter Miller,johnsonpeter@hotmail.com
531,Lori Roberts,elizabeth30@ashley.biz
532,James Kline,hughesjesse@hotmail.com
533,Joseph Conley,nhart@acosta.org
534,James Murray,xjones@gmail.com
535,Isabel Christian,hray@gmail.com
536,James Hoover,bowmansteven@gmail.com
537,Thomas Conner,colemanzachary@yahoo.com
538,Keith Smith,maria89@gmail.com
539,Natalie Tran,christinareilly@gmail.com
540,Donald Carrillo,thomas61@garza.com
541,Meghan Lee,bbeck@olson-davis.com
542,Jessica Miller,fadams@davis-wong.biz
543,Alyssa Castro,ortizgary@caldwell-perkins.biz
544,Priscilla Wilkins,alove@ross-mann.net
545,Jesse Nelson,clarklauren@yahoo.com
546,Christopher Dennis,whitewilliam@alvarado-sanchez.com
547,Joshua French,richardmendez@aguilar.com
548,Angela Bowman,mwalker@black-archer.com
549,Joshua Martinez,rebeccamacias@guerrero.com
550,Emily Rivera,edwin47@gmail.com
551,Lisa Gardner,lwatkins@snyder-tran.com
552,Angela Frederick,christina72@yates.com
553,Shawn Parker,acevedokristen@hotmail.com
554,Max Wise,edwardsjennifer@drake.info
555,Anthony Hunter,millerjacqueline@jefferson.com
556,Robert Miranda,abrock@hotmail.com
557,Miguel Williams DDS,hsmith@gmail.com
558,Laurie Brown,brookscrystal@costa-martinez.com
559,Michael Nielsen,seanrowland@yahoo.com
560,Kathryn Sullivan,juan41@gmail.com
561,Tony Cobb,kbray@woods.com
562,Marcus Gamble,thomas13@preston.com
563,Tyrone Jimenez,clewis@gonzales.com
564,Michael Armstrong,coxernest@ward.com
565,Patricia Nielsen,hparsons@jones.com
566,Angela Roth,hughesdaisy@gmail.com
567,Kathleen Steele,aestrada@yahoo.com
568,Dr. Nicole Johnson,haleylee@moore.com
569,Rachel Carter,turnercandice@gmail.com
570,Elizabeth Hunt,qrussell@yahoo.com
571,Mary Gonzalez,molson@wyatt.net
572,Stephen Martin,jennifer74@hanson-jones.com
573,Matthew White,ggarcia@maynard.com
574,Matthew Kidd,svillegas@galloway.com
575,Kevin Davis,fblack@gmail.com
576,Steven Johnson,torresanthony@gonzales.net
577,Stephen Jackson,michelle95@perez-thomas.com
578,Daniel Cross,zgaines@gmail.com
579,Diane Williams,greennicholas@yahoo.com
580,Robert Underwood,joan40@miller.biz
581,Julie Schwartz,paullynch@yahoo.com
582,Jennifer Anderson,michaelmorgan@hotmail.com
583,Keith Smith,duransara@hubbard-lopez.com
584,Madison Graham,webbthomas@patterson.com
585,Laura Miller,erin52@hotmail.com
586,Jill Walsh,bradley64@fuentes-hernandez.net
587,Kristen Brown,barkerjacob@walsh.biz
588,Sarah Rodriguez,juliepatterson@barrett.net
589,Teresa Mcgrath,amatthews@hotmail.com
590,Holly Jones,joseph60@gordon-fleming.info
591,Eugene Sullivan,kbenton@bailey-anderson.biz
592,Cynthia Neal,zgaines@hotmail.com
593,Michael Martinez,robinsonmatthew@yahoo.com
594,Mrs. Monique Snow,shannonamanda@gmail.com
595,Manuel Alvarez,oweber@gmail.com
596,Tyler Morris,brendapayne@gmail.com
597,David Zhang,jeremymiller@ramirez-hurst.com
598,James Nichols DDS,randall87@gmail.com
599,James Salazar,istein@yahoo.com
600,John Carter,npace@hotmail.com
601,Laura Lee,pgonzalez@lynch.com
602,Catherine Matthews,angela96@morgan.com
603,Peter Washington,susanpatterson@warner.biz
604,Alexandra Diaz,ubradley@hayden.com
605,Abigail Lewis,cynthiacrawford@gmail.com
606,Diana Chapman MD,susan12@johnson-cunningham.org
607,Brooke Whitney,jilledwards@webster.com
608,Gregory Chandler MD,debrawilliamson@gmail.com
609,David Scott,ahowell@perry.net
610,Stephen Davis,khaynes@davila-evans.org
611,Andrew Brown,myersedwin@gordon.net
612,Isaac George,vortega@cruz-thompson.com
613,Jeffrey Jackson,juliegreen@hotmail.com
614,Tara Wood,ramseyjoshua@fletcher-johnson.com
615,Timothy Hall,alexalopez@hotmail.com
616,Heather Cohen,alyssavaughn@yahoo.com
617,Julia Lopez,jsawyer@rivas-moore.com
618,Walter Sanchez,pwilson@ayers.biz
619,Sydney Ryan,ivanstout@gmail.com
620,Howard Wilson,mitchellluis@yahoo.com
621,Tyler Nichols,dalexander@johnson.org
622,Jacqueline Garcia,wflores@estrada.com
623,Denise Haley,melanie38@lopez-edwards.org
624,Sean Washington,justinrose@hotmail.com
625,Taylor Hall,suzannenelson@gmail.com
626,Christina Chan,brittanyholland@yahoo.com
627,Kim Tran DDS,rjohnson@hotmail.com
628,Tracy Ball,xrobinson@sanders.com
629,Brandon Mcbride,bethreyes@gmail.com
630,Lisa Reynolds,langmartin@freeman.biz
631,Jack Taylor,maysrichard@gmail.com
632,Elizabeth Harper,greenadam@mills.com
633,Randy Stevens,brittanyadams@gilbert.biz
634,Kyle Francis,caseynguyen@gmail.com
635,Teresa Smith,riverabrenda@tate.biz
636,Sarah Rhodes,jason09@garcia-mccormick.com
637,Kristopher Davis,cliffordzavala@horton.org
638,Steve Johnson,iadams@farley-stevens.biz
639,Samuel Escobar,jonesdeborah@henderson-patterson.net
640,Randall Smith,smithmichael@gmail.com
641,James Peterson,jesse60@smith.com
642,Mark Landry,mcabrera@brown.com
643,Sarah Johnson,pattersonsean@gmail.com
644,Catherine Lopez,bradley31@gmail.com
645,Misty Lewis,moorelisa@contreras.net
646,Karen Hull,katieroman@gonzalez-jones.biz
647,Edward Gutierrez,nmartinez@hotmail.com
648,Kathy Diaz,vjones@turner.com
649,Kimberly Maldonado,christopheranthony@powers.com
650,Jennifer Robinson,fstanton@yahoo.com
651,Dwayne Rodriguez MD,amandawillis@yahoo.com
652,Lisa Archer,jasonsmall@hotmail.com
653,Allen Hopkins,ryanjones@gonzalez.com
654,Vincent Johnson,lthompson@zamora-sawyer.net
655,Mariah Jacobs,steven20@miller-cook.com
656,Angel Smith,allison54@wright.biz
657,Benjamin Williams,melissa34@gmail.com
658,Chris Erickson,pjordan@wu-anderson.com
659,Douglas Campbell,turnerrebecca@gmail.com
660,Madison Collins,deborah24@hotmail.com
661,Kevin Johnson,bcordova@kline.org
662,Joyce Macdonald,ibrooks@gmail.com
663,Jeffrey Valdez,bholloway@hotmail.com
664,Frank Young,phillipsjanice@yahoo.com
665,Jamie Carr,marybenton@camacho.info
666,Lori Garner,mark33@hawkins.org
667,John Lamb,stanleyelizabeth@hotmail.com
668,Ronald Rogers,sara19@parker-lindsey.net
669,Pamela Nguyen,melissajefferson@hotmail.com
670,Brent Garrison,allenlaura@clarke-miller.info
671,Jason Freeman,andrewwilliams@gmail.com
672,Christine Miller,christopher56@gmail.com
673,Gary Wise,dnguyen@yahoo.com
674,Susan Foster,debra91@hartman.com
675,Anna Sullivan,jason50@yahoo.com
676,James Beasley,anthonybaker@yahoo.com
677,Karen Decker,ortegalisa@yahoo.com
678,Kristin Huff,bkirby@klein-todd.com
679,Anna Brooks,mary97@hotmail.com
680,Amanda Butler,carpenterstephanie@hotmail.com
681,Anthony Young,aanderson@graves-johnson.com
682,Dawn Vaughan,gatesrachel@hotmail.com
683,Austin Martinez,xcohen@taylor-tanner.com
684,Kenneth Mills,williamgeorge@gmail.com
685,Connor Roman,ubrown@keller-stark.com
686,Eric Jordan DDS,lauren72@jacobson.com
687,William Brown,christopher77@lynch.com
688,Molly White,andrea85@weaver.com
689,Dwayne Hanson,ian68@jones-li.com
690,Kevin Nunez,webermatthew@cline.com
691,Heather Mcclain,bowmanmolly@yahoo.com
692,Kelly Lopez,ppatel@gmail.com
693,Nicole Fernandez,marissahughes@mccormick.biz
694,Crystal Garcia,johnsonmarcia@hotmail.com
695,Lance Chavez,amyjackson@chen-boyle.org
696,Benjamin Alexander,alexanderjohnson@hotmail.com
697,Matthew Golden,mgreen@hotmail.com
698,Shawn Castaneda,robinsoncalvin@hotmail.com
699,Joseph Oconnor,davidwilson@gmail.com
700,Michael Calhoun,zacharyfitzgerald@valenzuela.com
701,Alex Charles,patrickfreeman@gmail.com
702,Thomas Jarvis,bbauer@frey.net
703,Angela Alexander,kpowell@gmail.com
704,Lindsey Davis,kevin59@bush.com
705,Keith Washington,brandon57@gmail.com
706,Douglas Bray,dickersonpamela@kim.info
707,Danielle Dixon,davidreed@gmail.com
708,Angel Brown,nathanielfletcher@jimenez.com
709,Linda Baldwin,cwebb@wagner.com
710,Melanie Burke,eowens@gmail.com
711,Natasha Johnson,wendy69@bradley.com
712,Bethany Jones,lisalopez@yahoo.com
713,Charles Wright,bmayo@gmail.com
714,Antonio Leblanc,riveragina@hotmail.com
715,Michelle Hicks,thayes@yahoo.com
716,Jennifer Welch,rwhite@gmail.com
717,Sarah Casey,xmartinez@cortez.com
718,Kevin Woodward,kellyramos@nash.net
719,Jacqueline Mcdonald,gwilcox@obrien-ellis.com
720,Martin Taylor,cwade@davis.com
721,Susan Morton,patricktaylor@gmail.com
722,Kent Love,philip30@yahoo.com
723,Larry Silva,michaelgreen@shah.info
724,Tanya Bell,amber34@matthews.com
725,Monica Phillips,nclark@hotmail.com
726,Tyler Myers,hannah36@yahoo.com
727,Travis Taylor,williammarquez@martinez-vega.com
728,Jason Lucas Jr.,ryan20@yahoo.com
729,Charles Williams,migueljimenez@ewing-lee.biz
730,Barbara Todd,nicole12@hoffman.biz
731,James Crosby,lauren71@hotmail.com
732,Jeffery Potter,paigepeters@hotmail.com
733,Tamara Matthews,melissameyer@gmail.com
734,Kerri Duncan PhD,ymitchell@yahoo.com
735,William Cross,smithmichael@castro.info
736,Shannon Meyer,aaronbarnes@smith-mcdonald.net
737,Kristin Bowen,qhunt@andrade-simpson.info
738,Kayla Walker,johnsonlaura@hotmail.com
739,Paul Herrera,jason18@hood-kelly.com
740,Cory Jordan,monicaleach@diaz-allen.com
741,David Riley,morenodaniel@olson.com
742,John Lewis,mcgeeronald@hotmail.com
743,Tyler Mcintosh,michellebarron@gmail.com
744,Brian Raymond,atkinschristopher@hotmail.com
745,Michele Summers DDS,johnsonmartin@gmail.com
746,James Park,francismary@yahoo.com
747,Nicholas Garcia,cooleychristopher@meza.biz
748,Lisa Hernandez,jeffrey41@hotmail.com
749,Timothy Clements,tanderson@pineda-bauer.com
750,Chad Gonzalez,grantlaura@finley.biz
751,Jennifer Frank,ryan72@brown-vargas.com
752,Shelly Oconnor,daniel72@miller.com
753,Katie Green,qbush@yahoo.com
754,Mr. Russell Murphy,pamelapalmer@gmail.com
755,Erin Washington,jessica62@stevens-moore.com
756,Neil Dunn,mcculloughamy@yahoo.com
757,Patrick Martin,angeladavis@austin.com
758,Michael Young,dgraham@yahoo.com
759,William Braun,nicholas67@ryan.info
760,Danielle Fernandez DDS,gonzalezrachel@gmail.com
761,Lori Lyons,awright@yahoo.com
762,Jennifer Miller,cole82@miller.org
763,Derek Cox,morananna@yahoo.com
764,John Garcia,sarahfriedman@rose.com
765,James Steele,jreed@garcia.biz
766,Ashley Mcdaniel,amyfrazier@gallagher-king.biz
767,Kayla Rivera,thompsonrandy@gmail.com
768,Candice Johnson,laurenfrank@yahoo.com
769,Kaitlyn Kaufman,melissaross@burns-paul.net
770,Sara Jackson,simpsondavid@lee.com
771,Julia Freeman,jennifer99@martin.com
772,Jeffrey Banks,phernandez@robertson-pratt.net
773,Bradley Saunders,helliott@hotmail.com
774,James Chavez,steelejonathan@brooks.com
775,Tammy Allen,ppeterson@gmail.com
776,Carla Williams,shannonbeard@yahoo.com
777,Vanessa Hughes,bparker@hotmail.com
778,Jordan Harrison,hollandlisa@gmail.com
779,Eric Arellano,ogentry@gmail.com
780,Emily Shaw,eellison@king-thomas.com
781,Austin Padilla,andreamcdonald@stevens-schwartz.com
782,Frederick Lewis,droy@gmail.com
783,Casey Hawkins,swatson@day.com
784,Eric Velasquez,linda11@castillo.net
785,Frederick Suarez,cassandracraig@yahoo.com
786,Michael Brewer,guerrerochase@doyle.org
787,Christie Watkins,danaweiss@gmail.com
788,Mercedes Gonzalez,ricky62@yahoo.com
789,Jesse Flores,morrisalexandra@yahoo.com
790,Priscilla Rivera,patriciabrown@yahoo.com
791,Mary Bell,kvega@schwartz.com
792,Bryan Powell,amberhahn@cooley-park.com
793,Robin Carter,wjohnston@hotmail.com
794,Jonathan Reed,colemanchristina@gmail.com
795,Daniel Harris,prattbill@marsh.info
796,Patricia Doyle,stephanie54@gmail.com
797,Vincent Reyes,xmueller@prince-house.com
798,April Andrews,usanders@kramer.com
799,Candice Norman,valerie99@yahoo.com
800,Andrew Lawson,kristin39@hotmail.com
801,Tonya Gardner,erin91@martin.net
802,Patricia Fischer,cmoore@hotmail.com
803,Matthew Brown,vhardin@parker-marshall.org
804,Loretta Knight,dbridges@yahoo.com
805,Jill Ryan,stacy83@harrison.com
806,Katherine Gordon,egreen@gmail.com
807,William Love,brentsnyder@hotmail.com
808,Todd Ward,susan28@gmail.com
809,Alfred Barnes,owright@yahoo.com
810,Sherry Mitchell,dfreeman@yahoo.com
811,Daryl Jones,morgancheryl@garcia.biz
812,Amanda Meyers,nicholas96@yahoo.com
813,Angel Perez,watkinstimothy@thompson-russell.com
814,Timothy Stein,tara24@hotmail.com
815,Leslie Kirk,meghanparks@nichols.net
816,Michael Long,curtishenderson@blanchard-wu.biz
817,Nicole Miller,kyle09@mooney.org
818,Matthew Adams,teresavargas@gmail.com
819,Angela Bird,tiffany73@gmail.com
820,Rebecca Smith,tracywade@calderon.com
821,Juan Perez,thompsonjermaine@hotmail.com
822,Dylan Mills,yliu@frederick.com
823,Wayne Stephens,jessewest@lucas.info
824,Nicholas Rodriguez,cliffordhamilton@yahoo.com
825,Gabriel Singh,colesarah@wiggins-campbell.org
826,Patricia Martinez,joshua56@paul.com
827,John Sullivan,portiz@finley.com
828,Christina Cook,dean72@smith-franklin.net
829,Amanda Compton,gibsonbarbara@hotmail.com
830,Gene Clark DDS,jcooper@pennington.com
831,Joe Velazquez,hcruz@camacho.org
832,Christopher Nelson,acevedokayla@bell-simmons.com
833,Sherri Todd,ewilliams@graham-frye.org
834,Janice Torres,corey48@george.net
835,Brian Ruiz,anthonybrooks@atkins.com
836,Samantha Gonzalez,timothycharles@yahoo.com
837,Amanda Elliott,juankeith@edwards.com
838,Tyrone Bailey,richardwoods@white.net
839,Jennifer Reynolds,david77@garcia-gomez.com
840,Emily Burnett,brandonknox@hotmail.com
841,Stephen Dunn,michael37@ferguson.biz
842,Emily Rodriguez,james67@yahoo.com
843,Scott Burnett,hquinn@gmail.com
844,Ann Davis,keycasey@hotmail.com
845,Brendan Bautista,kellybetty@ingram.net
846,Shannon Obrien,ryanthomas@jones.org
847,Ashley Webb,ricky52@contreras.com
848,Leon Blake,lynnwilliams@yahoo.com
849,David Harris,judith11@gmail.com
850,Danielle Joseph,wallmichael@wyatt.net
851,Kathleen Ford,michael07@hill-bernard.com
852,Anne Barber,carrolljimmy@mclean-adams.com
853,Melinda Ramsey,briancobb@webster.com
854,Jeremy Mckay,bbailey@yahoo.com
855,Danielle Alexander,nshields@yahoo.com
856,Michelle Moreno,hgarrett@hotmail.com
857,Paula Jones,dickersonkenneth@hotmail.com
858,Tracy Malone,moorethomas@hotmail.com
859,Lori Harris,jmonroe@turner.com
860,Megan Gilbert,ryan95@yahoo.com
861,Lindsay Watkins,ronald70@fischer.com
862,Christopher Bright,alozano@gmail.com
863,Nancy Garcia MD,mckinneynathan@cooper-johnson.net
864,Jennifer Wilson,ericstokes@krueger-shaffer.com
865,Nathaniel Carter,maria17@gmail.com
866,Joseph Peters,mandrade@gmail.com
867,Maria Walker,sherry33@hotmail.com
868,Maurice Ferguson,todd45@yahoo.com
869,Keith Cohen,anthonymartinez@yahoo.com
870,Daniel Bell,amandalloyd@gmail.com
871,Kristi Evans,kellystrickland@hotmail.com
872,Christina Ellison,qjohnson@campos-kelly.com
873,Tonya Adams DDS,ernestlivingston@hotmail.com
874,Amy Jensen,oreyes@yahoo.com
875,Dennis Neal,bonillaryan@yahoo.com
876,Carolyn Knapp,josecombs@watson-griffin.com
877,Madeline Townsend,arthureaton@clarke.org
878,Jonathan Potter,kimberlyedwards@thomas.com
879,Stephanie Simmons,johnnoble@yahoo.com
880,Sarah Rogers,erin78@johnson.com
881,Antonio James,daycassandra@welch-phillips.com
882,Lisa Gentry,arthurward@garcia.com
883,Kristin Huff,christophercrawford@hotmail.com
884,Kim Bradley,sherrytaylor@dawson.com
885,Timothy Deleon,ewilliams@norris.com
886,Jacqueline Harrison,bakerjeffery@hotmail.com
887,Kimberly Kennedy,jenniferjones@hotmail.com
888,Sara Ewing,ohayes@hernandez.biz
889,James Trevino,clarknicholas@marquez-foster.com
890,Amy Howell,xhuynh@hotmail.com
891,William Wilson,timothymejia@yahoo.com
892,Steven Barrett DDS,james69@garcia.info
893,Rachel Smith,jeffrey47@stevens.com
894,Paul Medina,ericsantos@hotmail.com
895,Matthew Flowers,holdenlawrence@hotmail.com
896,Cody Rivera,tgarcia@johnson.net
897,Amber Williams,yschmidt@bridges.net
898,Jennifer Chan,alexanderrobert@hotmail.com
899,John Rubio,gmartinez@hotmail.com
900,John Smith,simslisa@hotmail.com
901,Cynthia Shaffer,browncameron@hotmail.com
902,Ronald Lucas,alewis@gmail.com
903,Martha Medina,paulthompson@phillips.info
904,Rebecca Buckley,melvin97@hotmail.com
905,Joseph Myers,gnelson@yahoo.com
906,Meghan Luna,jonesalicia@yahoo.com
907,Marc Simpson,joshuaparks@dunn.com
908,Preston Dean,matthewschristine@gmail.com
909,Jennifer Kline,christopher72@castillo.biz
910,Sarah Johnson,dodsonbrittany@hotmail.com
911,Pamela Rosales,atkinsonalexander@yahoo.com
912,Nicole Wilson,lutzkeith@hotmail.com
913,Steven Harris,ybaker@bullock.com
914,Robert Bell,andersonstephen@harper.biz
915,Sandra Russell,haroldcopeland@hotmail.com
916,Matthew Christensen,joseholmes@moore.com
917,Cory Barber PhD,adam97@hughes.com
918,Kelly Price,paulmargaret@davis-miller.com
919,Edward Cruz,rhampton@edwards.com
920,Alicia Wilson,zlutz@hotmail.com
921,Jasmine Johns,vanessabrandt@hotmail.com
922,Ronald Schmidt,colin29@gmail.com
923,Cassandra Cunningham,stokesregina@ramirez-anderson.com
924,Tracy White,aschwartz@klein.org
925,Jeremiah Hudson,ellisjames@delgado.com
926,Howard Jordan,heatherwhite@gmail.com
927,Bethany Watts,blankenshipdenise@johnson-ross.com
928,Autumn Hill,vanthony@hotmail.com
929,Laura Perry,elizabeth29@stevenson-adams.biz
930,Andrea Wong,thomaspatricia@baxter-davis.com
931,Jack Briggs,joseph08@sutton.com
932,John Smith,poolesamuel@rowland.com
933,Natalie Clark,lewisryan@gmail.com
934,Jacob Johnson,lesliewells@hernandez-abbott.biz
935,Anthony Johnson,jmcguire@avila.com
936,Tonya Becker,taylorwhite@scott.info
937,Kirk Wallace,umann@anderson-smith.com
938,Diane Carrillo,christopherperez@morgan.net
939,Zachary Lopez,julie36@gmail.com
940,Ashley Salazar,smithjennifer@brooks-collier.org
941,Eric Morgan,usalazar@yahoo.com
942,Ryan Clayton,llee@smith-johnson.com
943,Richard Russell Jr.,tiffanyparks@williams-rogers.org
944,Pamela Nelson,wilsoneric@andrews.com
945,Shawn Richard,jbell@turner-johnson.net
946,Mike Lewis,lauren43@yahoo.com
947,Kayla Daniels,ulindsey@hotmail.com
948,James Clark,boydwilliam@gmail.com
949,Stacey Harris,ssullivan@gonzales-gray.com
950,Stacy Mills,sandersamy@turner-walter.com
951,Cheryl Torres,uwilliams@yahoo.com
952,David Lee,melissaholland@yahoo.com
953,Tyler Smith,weekserica@yahoo.com
954,Samantha Wilson,brookeroman@hotmail.com
955,Amanda Martinez,rebeccadaniel@henson.com
956,Joseph Jensen,garyadams@gmail.com
957,Kurt Miller,wwalker@hotmail.com
958,Frank Savage,cnichols@jones-coleman.biz
959,Colin Lara PhD,nicholas06@schneider-ortiz.com
960,Carrie Fisher,dpowers@lindsey.com
961,Laura Smith,qday@hotmail.com
962,Walter Gross,rodriguezsusan@gmail.com
963,Nichole Cowan,jasonhernandez@hotmail.com
964,Donna Webb,emma77@murphy.biz
965,Gary Brown,nskinner@hotmail.com
966,Katherine Sloan,oboyd@vang-solis.com
967,Beth Harris,bergbethany@gmail.com
968,Terry Moore,xbrown@hotmail.com
969,Kelsey Brown,yvonne47@blevins-jackson.info
970,Mike Lester,bryanhughes@sullivan-long.com
971,Craig Diaz,estesjames@morrow-romero.com
972,Sara Collins,qdavis@yahoo.com
973,David Harmon,jacobsstephen@yahoo.com
974,Sydney Schroeder,douglasdennis@brown.com
975,Emily Roberts,pamela21@hotmail.com
976,Diana Patterson,lpham@stewart.biz
977,Christopher Lin,braycody@richardson.info
978,David Christensen,jasmine92@ortiz.com
979,Amy Jones,jefferyblack@gmail.com
980,Ryan Bender,oliviabradley@hotmail.com
981,Mary Brown,creyes@yahoo.com
982,Christine Bailey,nmunoz@baker-gross.biz
983,Denise Wood,normanashley@smith.com
984,Lee Price,gabriellafisher@shaw.com
985,Anne Fields,eramos@hotmail.com
986,Tracy Fitzpatrick,heathermills@meyers-pena.com
987,Carol Hart,emoore@parker.com
988,Susan Lopez,johnharper@yahoo.com
989,Veronica Cooper,ashleywilliams@gallagher.info
990,Stephen Wilkins,julie17@carter.net
991,Richard Williamson,yangerin@gmail.com
992,Hunter Castillo,foxkaren@hotmail.com
993,Jenna Schneider,hendersondaniel@wells.org
994,April Yoder,terri46@armstrong.com
995,Teresa Bishop,zcohen@williamson.com
996,Michele Moran,josephking@gmail.com
997,Todd Price,monicabennett@hotmail.com
998,William Beltran,matthew06@collier.com
999,Nicole Shelton,ggilmore@hotmail.com
1000,Austin Fuller,zwalker@yahoo.com
